2022-05-21 04:08:04,2151,CABBY,1,5,simple_random,GUIDE,.....,ATOKS,a....,JACAL,.Aca.,CARRY,CA..Y,CABBY,CABBY,,,
2022-05-21 04:08:04,1021,SILLY,0,6,simple_random,WIVES,.I..s,TITIS,.I.is,KIRKS,.I..s,GILDS,.IL.s,HILLS,.ILLs,YILLS,yILLs,
2022-05-21 04:08:04,549,SHOCK,1,5,simple_random,GREIN,.....,BAUDS,....s,JOCOS,.ocos,CLOWS,c.O.s,SHOCK,SHOCK,,,
2022-05-21 04:08:04,1288,CAUSE,1,6,simple_random,ETHAL,e..a.,GEARS,.ea.s,AMIES,a..es,BASSE,.AsSE,PAUSE,.AUSE,CAUSE,CAUSE,
2022-05-21 04:08:04,2074,GEESE,0,6,simple_random,LIEFS,..E.s,SUETY,s.E..,JEEPS,.EE.s,NEEDS,.EE.s,VEERS,.EE.s,GEEKS,GEE.s,
2022-05-21 04:08:04,1421,SAUCY,1,6,simple_random,GORED,.....,LIMBI,.....,STUNK,S.U..,SCUPS,ScU.s,SAUCH,SAUC.,SAUCY,SAUCY,
2022-05-21 04:08:04,2300,FLUSH,1,6,simple_random,PARED,.....,SCOWL,s...l,LUNTS,lu..s,GLUMS,.LU.s,BLUBS,.LU.s,FLUSH,FLUSH,
2022-05-21 04:08:05,1459,OBESE,1,4,simple_random,VIBES,..bes,HERBS,.e.bs,BOUSE,bo.SE,OBESE,OBESE,,,,,
2022-05-21 04:08:05,635,CHOSE,0,6,simple_random,MOUND,.o...,CHOCO,CHOco,CHOKO,CHO.o,CHOLA,CHO..,CHOTT,CHO..,CHOPS,CHO.s,
2022-05-21 04:08:05,1020,PEARL,1,5,simple_random,CLEAR,.lear,FARLE,.arle,ARLES,arle.,LEARY,lEAR.,PEARL,PEARL,,,
2022-05-21 04:08:05,558,DADDY,1,3,simple_random,WAZIR,.A...,FAYNE,.Ay..,DADDY,DADDY,,,,,,,
2022-05-21 04:08:05,275,SAUTE,1,2,simple_random,AMUSE,a.UsE,SAUTE,SAUTE,,,,,,,,,
2022-05-21 04:08:05,228,MOIST,1,6,simple_random,SUBHA,s....,COMPS,.Om.s,MOLLS,MO..s,MOTIS,MOtis,MOITS,MOIts,MOIST,MOIST,
2022-05-21 04:08:05,1886,DRIFT,1,5,simple_random,WISER,.i..r,PURIN,..ri.,YAIRD,..Ird,DRILL,DRI..,DRIFT,DRIFT,,,
2022-05-21 04:08:05,2173,METER,1,4,simple_random,ENLIT,e...t,CHETH,..et.,TERRA,tErr.,METER,METER,,,,,
2022-05-21 04:08:05,942,CRICK,1,6,simple_random,GONER,....r,SPARS,...r.,YRIVD,.RI..,BRIKI,.RIki,TRICK,.RICK,CRICK,CRICK,
2022-05-21 04:08:05,985,STORM,1,5,simple_random,HACEK,.....,MIXUP,m....,ZOOMS,.oOms,SMOWT,SmO.t,STORM,STORM,,,
2022-05-21 04:08:06,306,SHAME,0,6,simple_random,MAUND,ma...,SWAMY,S.AM.,SCAMP,S.AM.,SHAMA,SHAMa,SHAMA,SHAMa,SHAMA,SHAMa,
2022-05-21 04:08:06,154,SURER,1,4,simple_random,CUSHY,.Us..,BURNS,.UR.s,PURES,.UREs,SURER,SURER,,,,,
2022-05-21 04:08:06,1883,SNACK,1,5,simple_random,RAGED,.a...,STOAI,S..a.,SHALM,S.A..,SKANK,SkAnK,SNACK,SNACK,,,
2022-05-21 04:08:06,32,HELIX,1,4,simple_random,PINKO,.i...,SLITS,.li..,CYLIX,..LIX,HELIX,HELIX,,,,,
2022-05-21 04:08:06,2168,WITCH,1,4,simple_random,SCAMP,.c...,INCUT,i.c.t,LYTIC,..Tic,WITCH,WITCH,,,,,
2022-05-21 04:08:06,1192,BEGAT,1,6,simple_random,CROWN,.....,KEEVE,.Ee.e,JESSE,.E..e,BEATY,BEat.,BEPAT,BE.AT,BEGAT,BEGAT,
2022-05-21 04:08:06,188,WEARY,1,4,simple_random,REIGN,rE...,DERTH,.Er..,LEARY,.EARY,WEARY,WEARY,,,,,
2022-05-21 04:08:06,1983,QUOTE,1,5,simple_random,MOUNT,.ou.t,OUGHT,oU..t,TUTOR,tUto.,QUOTA,QUOT.,QUOTE,QUOTE,,,
2022-05-21 04:08:06,681,LADEN,1,6,simple_random,SLIME,.l..e,LEPRA,Le..a,LACED,LA.Ed,LAXED,LA.Ed,LADED,LADEd,LADEN,LADEN,
2022-05-21 04:08:06,856,BETEL,1,3,simple_random,VERSO,.E...,BELEE,BElEe,BETEL,BETEL,,,,,,,
2022-05-21 04:08:07,765,GNOME,1,3,simple_random,BLOGS,..Og.,GOORY,GoO..,GNOME,GNOME,,,,,,,
2022-05-21 04:08:07,447,WOVEN,1,5,simple_random,FANCY,..n..,JOINT,.O.n.,WOXEN,WO.EN,WOMEN,WO.EN,WOVEN,WOVEN,,,
2022-05-21 04:08:07,1864,MYRRH,1,4,simple_random,SWAIN,.....,MURED,M.R..,MORRO,M.RR.,MYRRH,MYRRH,,,,,
2022-05-21 04:08:07,1142,STRAP,1,6,simple_random,DARZI,.aR..,AURUM,a.R..,GERAH,..RA.,LORAN,..RA.,SPRAT,SpRAt,STRAP,STRAP,
2022-05-21 04:08:07,2294,MERCY,1,6,simple_random,VOXEL,...e.,STEDS,..e..,CRARE,cr.re,PERCE,.ERCe,MERCH,MERC.,MERCY,MERCY,
2022-05-21 04:08:07,600,MANGA,0,6,simple_random,WAXED,.A...,LAZOS,.A...,CATTY,.A...,FAQIR,.A...,HAKAM,.A.am,MANNA,MANnA,
2022-05-21 04:08:07,470,ALPHA,1,4,simple_random,POUTS,p....,KELPY,..lp.,LAPIN,laP..,ALPHA,ALPHA,,,,,
2022-05-21 04:08:07,300,BLACK,1,5,simple_random,LOTUS,l....,BLAFF,BLA..,BLAND,BLA..,BLAME,BLA..,BLACK,BLACK,,,
2022-05-21 04:08:07,21,DEATH,1,5,simple_random,HOSTA,h..Ta,WRATH,..ATH,MEATH,.EATH,BEATH,.EATH,DEATH,DEATH,,,
2022-05-21 04:08:07,2014,FRUIT,1,5,simple_random,EKING,..i..,LAMIA,...I.,TYPIC,t..I.,QUBIT,.u.IT,FRUIT,FRUIT,,,
2022-05-21 04:08:08,316,ASKEW,1,3,simple_random,AMBER,A..E.,ASHEN,AS.E.,ASKEW,ASKEW,,,,,,,
2022-05-21 04:08:08,2188,RAPID,1,6,simple_random,SHAKY,..a..,DIVNA,di..a,AMIDO,a.id.,RADII,RAdIi,RABID,RA.ID,RAPID,RAPID,
2022-05-21 04:08:08,1419,TOAST,0,6,simple_random,BEARS,..A.s,SWANS,s.A.s,PLAAS,..Aas,MOATS,.OAts,COAST,.OAST,HOAST,.OAST,
2022-05-21 04:08:08,1195,TAROT,1,4,simple_random,GUEST,....T,CLAPT,..a.T,AMRIT,a.R.T,TAROT,TAROT,,,,,
2022-05-21 04:08:08,20,MAJOR,1,6,simple_random,SWAIL,..a..,CANEH,.A...,ZAKAT,.A.a.,RAGGY,rA...,PARMA,.Arma,MAJOR,MAJOR,
2022-05-21 04:08:08,1841,CAMEL,1,3,simple_random,MATHS,mA...,CALMY,CAlm.,CAMEL,CAMEL,,,,,,,
2022-05-21 04:08:08,867,WRYLY,1,4,simple_random,PUBIC,.....,GOWKS,..w..,WRATH,WR...,WRYLY,WRYLY,,,,,
2022-05-21 04:08:08,554,CLAIM,1,3,simple_random,GUILE,..il.,ZORIL,...Il,CLAIM,CLAIM,,,,,,,
2022-05-21 04:08:08,173,RHINO,1,5,simple_random,DEISM,..I..,PLICA,..I..,GOING,.oIN.,QUINO,..INO,RHINO,RHINO,,,
2022-05-21 04:08:08,2011,BELLE,1,5,simple_random,PUBIC,..b..,BOOGY,B....,BAAED,B..e.,BLEST,Ble..,BELLE,BELLE,,,
2022-05-21 04:08:09,1826,TRIPE,1,6,simple_random,LAKER,...er,RONNE,r...E,DRICE,.RI.E,BRISE,.RI.E,GRIPE,.RIPE,TRIPE,TRIPE,
2022-05-21 04:08:09,579,SAFER,1,6,simple_random,RAVEL,rA.E.,PATER,.A.ER,DARER,.ArER,FACER,fA.ER,WAFER,.AFER,SAFER,SAFER,
2022-05-21 04:08:09,273,MOVIE,1,6,simple_random,MOCHA,MO...,MORES,MO.e.,MOBLE,MO..E,MONTE,MO..E,MOXIE,MO.IE,MOVIE,MOVIE,
2022-05-21 04:08:09,1103,FINCH,1,3,simple_random,TABOR,.....,HIGHS,hI.h.,FINCH,FINCH,,,,,,,
2022-05-21 04:08:09,529,VOMIT,1,4,simple_random,DUROY,...o.,BOTAS,.Ot..,COMET,.OM.T,VOMIT,VOMIT,,,,,
2022-05-21 04:08:09,177,SONIC,1,3,simple_random,KELTS,....s,SCRIM,Sc.I.,SONIC,SONIC,,,,,,,
2022-05-21 04:08:09,1908,FIGHT,1,6,simple_random,GAUCY,g....,THIGH,thigh,PIGHT,.IGHT,HIGHT,hIGHT,WIGHT,.IGHT,FIGHT,FIGHT,
2022-05-21 04:08:09,1960,SNIPE,1,4,simple_random,PIOUS,pi..s,FLIPS,..IPs,SNIPY,SNIP.,SNIPE,SNIPE,,,,,
2022-05-21 04:08:09,1774,ARROW,1,4,simple_random,JOTUN,.o...,MYOPE,..o..,CARGO,.aR.o,ARROW,ARROW,,,,,
2022-05-21 04:08:09,557,PIQUE,1,4,simple_random,WAITS,..i..,MUJIK,.u.i.,INRUN,i..U.,PIQUE,PIQUE,,,,,
2022-05-21 04:08:09,762,CHINA,1,4,simple_random,SHALT,.Ha..,WHYDA,.H..A,BHUNA,.H.NA,CHINA,CHINA,,,,,
2022-05-21 04:08:09,1914,PRAWN,1,4,simple_random,LAIDS,.a...,GOBAN,...aN,AWARN,awArN,PRAWN,PRAWN,,,,,
2022-05-21 04:08:10,1788,WEIGH,1,3,simple_random,ITCHY,i..h.,SHIVS,.hI..,WEIGH,WEIGH,,,,,,,
2022-05-21 04:08:10,560,ARISE,1,4,simple_random,NORIA,..ria,PRIMA,.RI.a,ARISH,ARIS.,ARISE,ARISE,,,,,
2022-05-21 04:08:10,1606,SPOOF,1,5,simple_random,MOVED,.o...,BACCO,....o,ORLOP,o..Op,GIPON,..pO.,SPOOF,SPOOF,,,
2022-05-21 04:08:10,280,PURGE,0,6,simple_random,KETCH,.e...,MAVIE,....E,SNORE,...rE,BREDE,.re.E,RUFFE,rU..E,GURGE,gURGE,
2022-05-21 04:08:10,1976,LIVID,1,5,simple_random,SOLAN,..l..,ELITE,.li..,LUDIC,L.dI.,LIPID,LI.ID,LIVID,LIVID,,,
2022-05-21 04:08:10,546,FLEET,1,6,simple_random,CANES,...E.,IMPEL,...El,LYTED,l.tE.,BLUET,.L.ET,GLEET,.LEET,FLEET,FLEET,
2022-05-21 04:08:10,973,HAREM,1,4,simple_random,ANGEL,a..E.,MASED,mA.E.,RAMET,rAmE.,HAREM,HAREM,,,,,
2022-05-21 04:08:10,849,BARGE,1,6,simple_random,CLANG,..a.g,AVGAS,a.ga.,GAUJE,gA..E,FADGE,.A.GE,TARGE,.ARGE,BARGE,BARGE,
2022-05-21 04:08:10,172,BREAK,0,6,simple_random,DIMPS,.....,HONOR,....r,GAZER,.a.er,LEEAR,.eEAr,TREAT,.REA.,AREAR,aREAr,
2022-05-21 04:08:11,325,STORY,1,3,simple_random,RIVAL,r....,THROE,t.ro.,STORY,STORY,,,,,,,
2022-05-21 04:08:11,785,PALER,0,6,simple_random,ASKED,a..E.,NAMER,.A.ER,FAYER,.A.ER,HAZER,.A.ER,TAVER,.A.ER,PARER,PArER,
2022-05-21 04:08:11,73,ARGUE,1,4,simple_random,SLURP,..ur.,DURED,.ure.,UREIC,uRe..,ARGUE,ARGUE,,,,,
2022-05-21 04:08:11,1216,ADEPT,1,5,simple_random,BARKS,.a...,MOLAL,...a.,GENUA,.e..a,EPACT,epa.T,ADEPT,ADEPT,,,
2022-05-21 04:08:11,2037,DIRTY,1,6,simple_random,CRAFT,.r..t,ENTER,..t.r,TORSO,t.R..,GIRTH,.IRT.,VIRTU,.IRT.,DIRTY,DIRTY,
2022-05-21 04:08:11,956,OUTER,1,3,simple_random,HOMER,.o.ER,OFTER,O.TER,OUTER,OUTER,,,,,,,
2022-05-21 04:08:11,1643,TACKY,0,6,simple_random,WAFTS,.A.t.,MATER,.At..,TABID,TA...,TANKY,TA.KY,TAKKY,TAkKY,TALKY,TA.KY,
2022-05-21 04:08:11,1155,THETA,1,6,simple_random,ZINGS,.....,CARDY,.a...,PUKKA,....A,HOVEA,h..eA,THEMA,THE.A,THETA,THETA,
2022-05-21 04:08:11,1564,SHINY,1,6,simple_random,GOMER,.....,TINCT,.in..,UNPIN,.n.in,SLINK,S.IN.,SAINS,S.INs,SHINY,SHINY,
2022-05-21 04:08:12,1245,SAVOY,0,6,simple_random,BADGE,.A...,MARIA,.A..a,SALPA,SA..a,SANSA,SA.sa,SATAY,SA.aY,SAVVY,SAVvY,
2022-05-21 04:08:12,115,THUMB,1,4,simple_random,EXIST,....t,TAROT,T...t,THUMP,THUM.,THUMB,THUMB,,,,,
2022-05-21 04:08:12,499,HOWDY,1,6,simple_random,AMUSE,.....,COYLY,.Oy.Y,DODDY,dOdDY,BOODY,.OoDY,WORDY,wO.DY,HOWDY,HOWDY,
2022-05-21 04:08:12,886,FLINT,1,4,simple_random,GATOR,..t..,SHITE,..It.,CLINT,.LINT,FLINT,FLINT,,,,,
2022-05-21 04:08:12,161,TILDE,1,6,simple_random,KAPHS,.....,DOOZY,d....,GIBED,.I.ed,WIELD,.Ield,VILDE,.ILDE,TILDE,TILDE,
2022-05-21 04:08:12,1193,APPLY,1,4,simple_random,SCOPE,...p.,PILAU,p.la.,AMPLY,A.PLY,APPLY,APPLY,,,,,
2022-05-21 04:08:12,1072,TUTOR,1,4,simple_random,GOMER,.o..R,FUROR,.UrOR,SUDOR,.U.OR,TUTOR,TUTOR,,,,,
2022-05-21 04:08:12,1322,CEDAR,1,6,simple_random,NIKAU,...A.,FLEAM,..eA.,JEHAD,.E.Ad,BEDAD,.EDAd,ZEDAS,.EDA.,CEDAR,CEDAR,
2022-05-21 04:08:12,1803,FLAME,1,6,simple_random,EUGHS,e....,LERED,le.e.,WOLVE,..l.E,ANKLE,a..lE,PLATE,.LA.E,FLAME,FLAME,
2022-05-21 04:08:12,1718,OPINE,1,3,simple_random,RUGAL,.....,OOZES,Oo.e.,OPINE,OPINE,,,,,,,
2022-05-21 04:08:13,1197,CREDO,1,6,simple_random,SKINT,.....,BLADY,...D.,MERDE,.erDe,ERODE,eRoDe,UREDO,.REDO,CREDO,CREDO,
2022-05-21 04:08:13,770,SNAIL,1,4,simple_random,YOURS,....s,WHIGS,..i.s,SIXTE,Si...,SNAIL,SNAIL,,,,,
2022-05-21 04:08:13,359,DEPTH,1,5,simple_random,CADGE,..d.e,HOIED,h..ed,SHEDS,.hed.,DERTH,DE.TH,DEPTH,DEPTH,,,
2022-05-21 04:08:13,811,WHISK,1,6,simple_random,NAZIS,...is,GRIST,..IS.,PEISE,..IS.,ODISM,..IS.,FLISK,..ISK,WHISK,WHISK,
2022-05-21 04:08:13,915,STARE,0,6,simple_random,PACEY,.a.e.,AREAS,areas,DEARS,.eARs,SWARE,S.ARE,SHARE,S.ARE,SNARE,S.ARE,
2022-05-21 04:08:13,1914,PRAWN,1,4,simple_random,PIETS,P....,PRAHU,PRA..,PRANG,PRAn.,PRAWN,PRAWN,,,,,
2022-05-21 04:08:13,1942,AXIAL,1,4,simple_random,FINER,.i...,APHID,A..i.,AMIAS,A.IA.,AXIAL,AXIAL,,,,,
2022-05-21 04:08:13,440,TWICE,1,6,simple_random,WOULD,w....,GREWS,..ew.,PEWEE,.eweE,TWINE,TWI.E,TWITE,TWItE,TWICE,TWICE,
2022-05-21 04:08:13,900,JOKER,0,6,simple_random,CHIBS,.....,LATEN,...E.,ROPER,rO.ER,GOMER,.O.ER,WOOER,.OoER,DOVER,.O.ER,
2022-05-21 04:08:14,916,PUDGY,1,3,simple_random,HOWDY,...dY,DUPPY,dUppY,PUDGY,PUDGY,,,,,,,
2022-05-21 04:08:14,1623,TEETH,1,6,simple_random,WIVES,...e.,REGAL,.E...,JEMMY,.E...,BECKE,.E..e,NETOP,.Et..,TEETH,TEETH,
2022-05-21 04:08:14,1475,IGLOO,1,5,simple_random,SHRED,.....,FUGGY,..gg.,GOBAN,go...,OGMIC,oG.i.,IGLOO,IGLOO,,,
2022-05-21 04:08:14,102,AGATE,1,5,simple_random,TUMOR,t....,PIETY,..eT.,BASTE,.a.TE,ALATE,A.ATE,AGATE,AGATE,,,
2022-05-21 04:09:19,438,POKER,0,6,simple_random,TUBES,...E.,PACER,P..ER,PRYER,Pr.ER,PORER,POrER,POLER,PO.ER,POWER,PO.ER,
2022-05-21 04:09:19,852,AIDER,1,5,simple_random,MINER,.I.ER,WIVER,.I.ER,RIDER,rIDER,BIDER,.IDER,AIDER,AIDER,,,
2022-05-21 04:09:19,1208,BLUNT,1,4,simple_random,FRUIT,..U.T,POUPT,..U.T,NAUNT,n.UNT,BLUNT,BLUNT,,,,,
2022-05-21 04:09:19,1117,TOUCH,1,3,simple_random,CARTE,c..t.,BITCH,..tCH,TOUCH,TOUCH,,,,,,,
2022-05-21 04:09:19,259,MOURN,1,4,simple_random,VOLKS,.O...,DOETH,.O...,WORRY,.OrR.,MOURN,MOURN,,,,,
2022-05-21 04:09:19,1141,FROND,1,4,simple_random,SHADY,...d.,DEFOG,d.fo.,FJORD,F.OrD,FROND,FROND,,,,,
2022-05-21 04:09:19,651,MUDDY,1,4,simple_random,KNOWS,.....,GAMIC,..m..,FREMD,...md,MUDDY,MUDDY,,,,,
2022-05-21 04:09:19,728,ABOUT,1,5,simple_random,ARSEY,A....,ANIMI,A....,ADDAX,A..a.,AZOTH,A.Ot.,ABOUT,ABOUT,,,
2022-05-21 04:09:19,1396,FLOUR,1,5,simple_random,BIKES,.....,JUNTO,.u..o,CRUDO,.ru.o,MOHUR,.o.UR,FLOUR,FLOUR,,,
2022-05-21 04:09:19,578,LOVER,1,5,simple_random,ARISE,.r..e,MUREX,..rE.,FEVER,.eVER,ELVER,elVER,LOVER,LOVER,,,
2022-05-21 04:09:19,2292,TORSO,0,6,simple_random,SNORT,s.ort,DORTS,.ORts,TORAS,TOR.s,TORCS,TOR.s,TORSK,TORS.,TORSI,TORS.,
2022-05-21 04:09:20,2028,TRUST,1,4,simple_random,LUNGS,.u..s,SERUM,s.ru.,FOURS,..Urs,TRUST,TRUST,,,,,
2022-05-21 04:09:20,2185,DOWNY,1,3,simple_random,PODEX,.Od..,DONNY,DOnNY,DOWNY,DOWNY,,,,,,,
2022-05-21 04:09:20,1278,LEARN,1,6,simple_random,ATOMS,a....,CARVE,.ar.e,REGNA,rE.na,DEARN,.EARN,YEARN,.EARN,LEARN,LEARN,
2022-05-21 04:09:20,1910,STONE,1,3,simple_random,WHINE,...NE,STANE,ST.NE,STONE,STONE,,,,,,,
2022-05-21 04:09:20,1074,BLURB,1,5,simple_random,MATES,.....,DUPPY,.u...,CLOUR,.L.ur,FLURR,.LURr,BLURB,BLURB,,,
2022-05-21 04:09:20,354,MANOR,0,6,simple_random,KAGUS,.A...,CABER,.A..R,LAHAR,.A.aR,RAZOR,rA.OR,MAYOR,MA.OR,MAROR,MArOR,
2022-05-21 04:09:20,659,ARSON,1,4,simple_random,DONUT,.on..,ENOWS,.no.s,BASON,.aSON,ARSON,ARSON,,,,,
2022-05-21 04:09:20,1617,CREPE,1,6,simple_random,RAIDS,r....,OFFER,...er,ENURN,e..r.,KERKY,.er..,CREPT,CREP.,CREPE,CREPE,
2022-05-21 04:09:20,474,PARER,0,6,simple_random,NUKES,...E.,OPTER,.p.ER,PAGER,PA.ER,PAPER,PApER,PALER,PA.ER,PAWER,PA.ER,
2022-05-21 04:09:21,636,SLEEP,0,6,simple_random,OJIME,....e,CADRE,....e,UNSEX,..sE.,SWEES,S.EEs,SLEEK,SLEE.,SLEET,SLEE.,
2022-05-21 04:09:21,1563,ALERT,1,6,simple_random,PICKS,.....,BORON,..r..,TRYER,tr.er,REATA,reata,AVERT,A.ERT,ALERT,ALERT,
2022-05-21 04:09:21,1924,MEDIC,0,6,simple_random,TOWED,...ed,BEADS,.E.d.,DEVIL,dE.I.,REDIP,.EDI.,MEDII,MEDIi,MEDII,MEDIi,
2022-05-21 04:09:21,465,CLASS,0,6,simple_random,DIVER,.....,MATCH,.a.c.,COALY,C.Al.,CLAWS,CLA.S,CLAGS,CLA.S,CLAPS,CLA.S,
2022-05-21 04:09:21,1600,CHURN,1,3,simple_random,MOUTH,..U.h,SHULN,.HU.N,CHURN,CHURN,,,,,,,
2022-05-21 04:09:21,1226,CAPER,1,6,simple_random,GOMPA,...pa,PEARS,pear.,JAPER,.APER,TAPER,.APER,RAPER,rAPER,CAPER,CAPER,
2022-05-21 04:09:21,205,QUERY,1,4,simple_random,MASHY,....Y,JIVEY,...eY,CREPY,.rE.Y,QUERY,QUERY,,,,,
2022-05-21 04:09:21,1410,LYRIC,1,3,simple_random,CHYME,c.y..,PRICY,.ricy,LYRIC,LYRIC,,,,,,,
2022-05-21 04:09:21,2234,AWAIT,1,3,simple_random,PEATY,..At.,GHAUT,..A.T,AWAIT,AWAIT,,,,,,,
2022-05-21 04:09:21,1967,SCARY,0,6,simple_random,JORAM,..ra.,BRAID,.rA..,SWART,S.AR.,SEARE,S.AR.,SCARS,SCARs,SCARS,SCARs,
2022-05-21 04:09:22,1592,CLOAK,1,4,simple_random,RUBLE,...l.,TALPA,.al.a,SKOAL,.kOAl,CLOAK,CLOAK,,,,,
2022-05-21 04:09:22,218,CRIMP,1,5,simple_random,GROUT,.R...,DRAVE,.R...,BRICK,.RIc.,CRISP,CRI.P,CRIMP,CRIMP,,,
2022-05-21 04:09:22,1133,SWAMI,1,4,simple_random,WORSE,w..s.,SPAWL,S.Aw.,SWAIN,SWAi.,SWAMI,SWAMI,,,,,
2022-05-21 04:09:22,1518,UTTER,1,2,simple_random,OTHER,.T.ER,UTTER,UTTER,,,,,,,,,
2022-05-21 04:09:22,1643,TACKY,1,5,simple_random,POEMS,.....,NAIRA,.A..a,CALLA,cA..a,GAUCH,.A.c.,TACKY,TACKY,,,
2022-05-21 04:09:22,1497,ODDLY,1,6,simple_random,FLUSH,.l...,VOXEL,.o..l,AGLOO,..loo,LIMBO,l...o,CYCLO,.y.Lo,ODDLY,ODDLY,
2022-05-21 04:09:22,1879,WAFER,0,6,simple_random,CRIME,.r..e,OPERA,..era,JAKER,.A.ER,HAZER,.A.ER,BALER,.A.ER,WAVER,WA.ER,
2022-05-21 04:09:22,1368,KOALA,0,6,simple_random,ZONER,.O...,BOOGY,.Oo..,POSTS,.O...,HODAD,.O.a.,MOMMA,.O..A,COCOA,.O.oA,
2022-05-21 04:09:22,2032,SAUCE,1,5,simple_random,PLANS,..a.s,ATMOS,a...s,SESSA,Sessa,SABRE,SA..E,SAUCE,SAUCE,,,
2022-05-21 04:09:23,259,MOURN,1,6,simple_random,PORCH,.Or..,ROJAK,rO...,LOURE,.OUR.,BOURN,.OURN,YOURN,.OURN,MOURN,MOURN,
2022-05-21 04:09:23,2142,ANTIC,1,5,simple_random,KHOUM,.....,VADES,.a...,BRAWN,..a.n,INLAY,iN.a.,ANTIC,ANTIC,,,
2022-05-21 04:09:23,740,KITTY,1,5,simple_random,GUDES,.....,FRORN,.....,CLAIM,...i.,TWIXT,t.i.t,KITTY,KITTY,,,
2022-05-21 04:09:23,1025,AMBLE,1,6,simple_random,FUDGE,....E,VOICE,....E,TENNE,.e..E,BLAZE,bla.E,ABELE,AbeLE,AMBLE,AMBLE,
2022-05-21 04:09:23,739,CYCLE,1,3,simple_random,PRICE,...cE,MACLE,..CLE,CYCLE,CYCLE,,,,,,,
2022-05-21 04:09:23,2067,BONEY,1,5,simple_random,PRICY,....Y,ALLEY,...EY,VENEY,.eNEY,MONEY,.ONEY,BONEY,BONEY,,,
2022-05-21 04:09:23,744,PLACE,1,4,simple_random,LITAS,l..a.,FLAMM,.LA..,GLAZE,.LA.E,PLACE,PLACE,,,,,
2022-05-21 04:09:23,1048,LARGE,1,6,simple_random,DUTCH,.....,LAWNS,LA...,LAVRA,LA.ra,LAZAR,LA.ar,LAKER,LA.er,LARGE,LARGE,
2022-05-21 04:09:24,2223,BROWN,1,4,simple_random,FITCH,.....,RANAS,r.n..,DROWN,.ROWN,BROWN,BROWN,,,,,
2022-05-21 04:09:24,540,FOLLY,0,6,simple_random,RANCE,.....,SLUBS,.l...,LOGGY,lO..Y,DOWLY,.O.LY,HOOLY,.OoLY,JOLLY,.OLLY,
2022-05-21 04:09:24,835,BLESS,1,6,simple_random,TOCKY,.....,HABUS,..b.S,BEEFS,BeE.S,BREES,B.EeS,BLEBS,BLEbS,BLESS,BLESS,
2022-05-21 04:09:24,2174,BROTH,1,4,simple_random,FIEND,.....,WALTY,...T.,BOOTH,BoOTH,BROTH,BROTH,,,,,
2022-05-21 04:09:24,2006,FIZZY,1,6,simple_random,LINKS,.I...,TIDED,.I...,JIGGY,.I..Y,BICCY,.I..Y,WIMPY,.I..Y,FIZZY,FIZZY,
2022-05-21 04:09:24,1464,RUDDY,1,5,simple_random,ANTSY,....Y,REFLY,R...Y,RUMPY,RU..Y,RUBBY,RU..Y,RUDDY,RUDDY,,,
2022-05-21 04:09:24,230,PLEAT,0,6,simple_random,NOXES,...e.,RUFFE,....e,KYLIE,..l.e,DECAL,.e.Al,WHEAL,..EAl,BLEAT,.LEAT,
2022-05-21 04:09:25,1205,STEAK,1,6,simple_random,VAMPS,.a..s,YEARS,.ea.s,AXLES,a..es,SHEAF,S.EA.,STEAN,STEA.,STEAK,STEAK,
2022-05-21 04:09:25,664,PALSY,0,6,simple_random,LOCIS,l...s,UDALS,..als,MALMS,.AL.s,HALES,.AL.s,TALAS,.ALas,PALSA,PALSa,
2022-05-21 04:09:25,487,SOGGY,1,5,simple_random,ETUIS,....s,CASKY,..s.Y,SHOWY,S.o.Y,SONNY,SO..Y,SOGGY,SOGGY,,,
2022-05-21 04:09:25,54,BOOBY,1,6,simple_random,TENIA,.....,MOULD,.O...,BOFFS,BO...,BOOGY,BOO.Y,BOOZY,BOO.Y,BOOBY,BOOBY,
2022-05-21 04:09:25,2071,WELCH,1,5,simple_random,MOCKS,..c..,ACRID,.c...,FETCH,.E.CH,LEUCH,lE.CH,WELCH,WELCH,,,
2022-05-21 04:09:25,1210,PENAL,1,5,simple_random,ARGUS,a....,LAITY,la...,PELMA,PEl.a,PEDAL,PE.AL,PENAL,PENAL,,,
2022-05-21 04:09:25,1750,SLANT,1,5,simple_random,USAGE,.sA..,STABS,StA.s,SNATH,SnAt.,SCANT,S.ANT,SLANT,SLANT,,,
2022-05-21 04:09:25,696,CHAFF,1,5,simple_random,VERSO,.....,AGAMI,a.A..,BLAUD,..A..,NYAFF,..AFF,CHAFF,CHAFF,,,
2022-05-21 04:09:25,2064,HEDGE,1,5,simple_random,POSED,...ed,JEHAD,.Eh.d,DERTH,dE..h,HEEDY,HEed.,HEDGE,HEDGE,,,
2022-05-21 04:09:26,212,SHIRE,1,4,simple_random,CRASH,.r.sh,HERLS,her.s,SHORE,SH.RE,SHIRE,SHIRE,,,,,
2022-05-21 04:09:26,432,PATTY,1,5,simple_random,PUBIC,P....,POSHO,P....,PARKY,PA..Y,PANTY,PA.TY,PATTY,PATTY,,,
2022-05-21 04:09:26,256,CHOKE,1,6,simple_random,ANGEL,...e.,HEEDY,hee..,ECHOS,echo.,OWCHE,o.chE,CHORE,CHO.E,CHOKE,CHOKE,
2022-05-21 04:09:26,1754,COVEY,1,6,simple_random,TURKS,.....,OGEED,o.eE.,WOVEN,.OVE.,FOVEA,.OVE.,HOVEL,.OVE.,COVEY,COVEY,
2022-05-21 04:09:26,257,RUPEE,1,4,simple_random,WASTE,....E,RHONE,R...E,REGIE,Re..E,RUPEE,RUPEE,,,,,
2022-05-21 04:09:26,345,MONEY,0,6,simple_random,FIERY,..e.Y,ENVOY,en.oY,PONEY,.ONEY,CONEY,.ONEY,BONEY,.ONEY,HONEY,.ONEY,
2022-05-21 04:09:26,1899,ANODE,1,5,simple_random,BEACH,.ea..,MARAE,.a.aE,AGONE,A.OnE,ANOLE,ANO.E,ANODE,ANODE,,,
2022-05-21 04:09:26,699,VENOM,1,5,simple_random,MARCH,m....,UMPIE,.m..e,ZYMES,..me.,GNOME,.nome,VENOM,VENOM,,,
2022-05-21 04:09:26,88,LUSTY,1,5,simple_random,TAXOR,t....,CITED,..t..,PHUTS,..uTs,JUSTS,.USTs,LUSTY,LUSTY,,,
2022-05-21 04:09:27,421,UPSET,1,5,simple_random,PIANO,p....,YUPPY,.upp.,SPUED,sPuE.,UPSEE,UPSEe,UPSET,UPSET,,,
2022-05-21 04:09:27,726,LURCH,1,4,simple_random,VOWED,.....,MUNCH,.U.CH,LUACH,LU.CH,LURCH,LURCH,,,,,
2022-05-21 04:09:27,547,GRAVE,1,4,simple_random,SCRIP,..r..,ANGER,a.ger,GRATE,GRA.E,GRAVE,GRAVE,,,,,
2022-05-21 04:09:27,1349,SHOOT,1,4,simple_random,EIGHT,...hT,CHAPT,.H..T,BHOOT,.HOOT,SHOOT,SHOOT,,,,,
2022-05-21 04:09:27,1060,URBAN,1,4,simple_random,HELMS,.....,ABRIN,abr.N,BRAWN,bRa.N,URBAN,URBAN,,,,,
2022-05-21 04:09:27,1935,TODDY,0,6,simple_random,BOGIE,.O...,SOOMS,.Oo..,ROUPY,.O..Y,NOWAY,.O..Y,COCKY,.O..Y,FOLLY,.O..Y,
2022-05-21 04:09:27,583,MOUND,0,6,simple_random,PULSE,.u...,KNAUR,.n.u.,NOUNY,nOUN.,FOUNT,.OUN.,HOUND,.OUND,WOUND,.OUND,
2022-05-21 04:09:27,943,IDYLL,1,4,simple_random,WAKED,....d,SODOM,..d..,DIGIT,di.i.,IDYLL,IDYLL,,,,,
2022-05-21 04:09:27,48,MIMIC,1,6,simple_random,WHATS,.....,FIBRO,.I...,YIKED,.I...,LINUX,.I...,CIVIC,cI.IC,MIMIC,MIMIC,
2022-05-21 04:09:27,240,CYNIC,1,4,simple_random,FOLKS,.....,CABIN,C..In,CUMIN,C..In,CYNIC,CYNIC,,,,,
2022-05-21 04:09:28,811,WHISK,1,5,simple_random,MELTS,....s,ABRIS,...is,SHINS,sHI.s,CHIKS,.HIks,WHISK,WHISK,,,
2022-05-21 04:09:28,730,TOXIN,1,4,simple_random,PRUDE,.....,STICH,.ti..,FIXIT,.iXIt,TOXIN,TOXIN,,,,,
2022-05-21 04:09:28,723,HOUSE,0,6,simple_random,MOULD,.OU..,SOUCT,sOU..,ROUPS,.OU.s,ZOUKS,.OU.s,NOUNS,.OU.s,BOUSY,.OUS.,
2022-05-21 04:09:28,1080,SAUNA,1,6,simple_random,THICK,.....,WARBY,.A...,MALMS,.A..s,NADAS,nA.as,JANNS,.AnNs,SAUNA,SAUNA,
2022-05-21 04:09:28,386,PINTO,1,5,simple_random,SCRAP,....p,POLYP,Po..p,PHONE,P.on.,PINOT,PINot,PINTO,PINTO,,,
2022-05-21 04:09:28,2061,SANDY,1,4,simple_random,BITES,....s,DUFUS,d...s,SPADO,S.aD.,SANDY,SANDY,,,,,
2022-05-21 04:09:28,1716,PROUD,1,4,simple_random,DITCH,d....,EGGED,....D,SPAYD,.p..D,PROUD,PROUD,,,,,
2022-05-21 04:09:28,147,SMART,0,6,simple_random,CLINT,....T,RABAT,ra.aT,PEART,..ART,SWART,S.ART,SKART,S.ART,START,StART,
2022-05-21 04:09:28,96,CIVIC,1,5,simple_random,RILED,.I...,NIFFS,.I...,CIPPI,CI..i,CIGGY,CI...,CIVIC,CIVIC,,,
2022-05-21 04:09:28,354,MANOR,1,3,simple_random,MERCY,M.r..,MINAR,M.NaR,MANOR,MANOR,,,,,,,
2022-05-21 04:09:28,497,DANDY,0,6,simple_random,LODEN,..d.n,BUNDU,..ND.,WANDS,.AND.,MANDI,.AND.,KANDY,.ANDY,RANDY,.ANDY,
2022-05-21 04:09:29,2055,DEUCE,1,3,simple_random,GONIA,.....,EDUCE,edUCE,DEUCE,DEUCE,,,,,,,
2022-05-21 04:09:29,1427,BAWDY,0,6,simple_random,SPORE,.....,BULGY,B...Y,BICCY,B...Y,BATTY,BA..Y,BADDY,BAdDY,BANDY,BA.DY,
2022-05-21 04:09:29,2103,TEPEE,1,6,simple_random,FIRES,...E.,HOVEA,...E.,EWKED,e..E.,GLUEY,...E.,ZEBEC,.E.E.,TEPEE,TEPEE,
2022-05-21 04:09:29,1839,PHONE,1,5,simple_random,PETRI,Pe...,PLUES,P..e.,PAEDO,P.e.o,POMBE,Po..E,PHONE,PHONE,,,
2022-05-21 04:09:29,2089,BIDDY,1,4,simple_random,BOARD,B...d,BUDIS,B.Di.,BIDET,BID..,BIDDY,BIDDY,,,,,
2022-05-21 04:09:29,889,VISTA,1,4,simple_random,SLAIN,s.ai.,ARISH,a.is.,TIKAS,tI.as,VISTA,VISTA,,,,,
2022-05-21 04:09:29,1992,SLING,1,4,simple_random,COBLE,...l.,DATAL,....l,FILMI,.il.i,SLING,SLING,,,,,
2022-05-21 04:09:29,2027,CLANK,1,6,simple_random,PELFS,..l..,TWILL,...ll,GRRRL,....l,NAHAL,na.al,BLAND,.LAN.,CLANK,CLANK,
2022-05-21 04:09:29,211,SOLAR,0,6,simple_random,GARTH,.ar..,DRACK,.ra..,ALURE,al.r.,RIYAL,r..Al,LOBAR,lO.AR,VOLAR,.OLAR,
2022-05-21 04:09:30,1620,DEBUT,1,5,simple_random,WRONG,.....,HAJES,...e.,CEZVE,.E..e,LEPID,.E..d,DEBUT,DEBUT,,,
2022-05-21 04:09:30,1557,HUMUS,1,6,simple_random,DOING,.....,PALSA,...s.,RECKS,....S,FUSTS,.Us.S,HUHUS,HUhUS,HUMUS,HUMUS,
2022-05-21 04:09:30,1202,BYLAW,1,4,simple_random,ABOHM,ab...,BLAER,Bla..,BALLY,BaLly,BYLAW,BYLAW,,,,,
2022-05-21 04:09:30,1300,TWEET,1,5,simple_random,COPED,...E.,RIMES,...E.,LEVEE,.e.Ee,EATEN,e.tE.,TWEET,TWEET,,,
2022-05-21 04:09:30,2187,WHIRL,1,5,simple_random,REHAB,r.h..,SHRUG,.Hr..,CHIRK,.HIR.,THIRL,.HIRL,WHIRL,WHIRL,,,
2022-05-21 04:09:30,356,SHOWY,0,6,simple_random,CHIME,.H...,SHOUT,SHO..,SHOJO,SHO.o,SHOON,SHOo.,SHOWD,SHOW.,SHOWS,SHOWs,
2022-05-21 04:09:30,2170,REPEL,1,5,simple_random,POEMS,p.e..,EPACT,ep...,DELPH,.Elp.,LEPER,lEPEr,REPEL,REPEL,,,
2022-05-21 04:09:30,1377,REACH,1,6,simple_random,MIXER,...er,KRONE,.r..e,RESTS,RE...,REFLY,RE...,REHAB,REha.,REACH,REACH,
2022-05-21 04:09:31,1081,COMIC,1,6,simple_random,GASPY,.....,MIRTH,mi...,ELEMI,...mi,NOMIC,.OMIC,DOMIC,.OMIC,COMIC,COMIC,
2022-05-21 04:09:31,473,DOUBT,1,3,simple_random,HEXAD,....d,DUSTS,Du.t.,DOUBT,DOUBT,,,,,,,
2022-05-21 04:09:31,370,PRIMO,1,4,simple_random,CONTE,.o...,ALOOS,..oo.,GYPPO,..ppO,PRIMO,PRIMO,,,,,
2022-05-21 04:09:31,180,USING,1,4,simple_random,TRIAD,..I..,SHINE,s.IN.,FOINS,..INs,USING,USING,,,,,
2022-05-21 04:09:31,1724,CHASM,1,6,simple_random,DUNES,....s,SPRAG,s..a.,BASIJ,.as..,FOAMS,..Ams,AMAHS,amAhs,CHASM,CHASM,
2022-05-21 04:09:31,615,APPLE,1,4,simple_random,OXIMS,.....,APPAL,APPal,APPEL,APPel,APPLE,APPLE,,,,,
2022-05-21 04:09:31,2152,DRUID,1,5,simple_random,FARMS,..r..,PROUL,.R.u.,TRUER,.RU.r,BRUNG,.RU..,DRUID,DRUID,,,
2022-05-21 04:09:31,682,HUMID,1,5,simple_random,SPREW,.....,DINGY,di...,KADAI,..d.i,LUCID,.U.ID,HUMID,HUMID,,,
2022-05-21 04:09:31,1026,SHADY,1,3,simple_random,SHAKE,SHA..,SHALY,SHA.Y,SHADY,SHADY,,,,,,,
2022-05-21 04:09:31,892,ALIVE,1,5,simple_random,ALTHO,AL...,ALKYD,AL...,ALIFS,ALI..,ALIGN,ALI..,ALIVE,ALIVE,,,
2022-05-21 04:09:32,703,ACORN,1,4,simple_random,HAUDS,.a...,AKENE,A..n.,AMMON,A..oN,ACORN,ACORN,,,,,
2022-05-21 04:09:32,1702,BEFIT,1,5,simple_random,SHLUB,....b,BEVVY,BE...,BEDIM,BE.I.,BEGIN,BE.I.,BEFIT,BEFIT,,,
2022-05-21 04:09:32,140,COAST,1,6,simple_random,GLAND,..A..,QUAYS,..A.s,SCABS,scA.s,CHAPS,C.A.s,CRASS,C.ASs,COAST,COAST,
2022-05-21 04:09:32,1540,FEMME,1,5,simple_random,STUPE,....E,AFORE,.f..E,FIDGE,F...E,FENCE,FE..E,FEMME,FEMME,,,
2022-05-21 04:09:32,1380,SPEED,1,6,simple_random,GRAZE,....e,WHITE,....e,LENOS,.e..s,BUSES,..sEs,SYPED,S.pED,SPEED,SPEED,
2022-05-21 04:09:32,1616,PROBE,1,5,simple_random,DEATH,.e...,SYBBE,..bBE,PLEBE,P.eBE,POMBE,Po.BE,PROBE,PROBE,,,
2022-05-21 04:09:32,1962,SKIER,0,6,simple_random,CHORD,...r.,SPREW,S.rE.,SEXER,Se.ER,SABER,S..ER,SYKER,S.kER,SKEER,SKeER,
2022-05-21 04:09:32,1907,CHOCK,1,4,simple_random,FRESH,....h,YOUTH,.o..h,CHIAO,CH..o,CHOCK,CHOCK,,,,,
2022-05-21 04:09:33,177,SONIC,0,6,simple_random,SLOTH,S.o..,SPROD,S..o.,SOBAS,SO..s,SOJUS,SO..s,SOWFS,SO..s,SOCES,SOc.s,
2022-05-21 04:09:33,1856,SATYR,1,3,simple_random,SPURT,S..rt,STRAK,Stra.,SATYR,SATYR,,,,,,,
2022-05-21 04:09:33,1429,SKULL,1,4,simple_random,THUDS,..U.s,SAUCY,S.U..,SPUME,S.U..,SKULL,SKULL,,,,,
2022-05-21 04:09:33,2266,SPIED,1,6,simple_random,PREIF,p.ei.,LOIPE,..Ipe,SPITE,SPI.e,SPIKE,SPI.e,SPIDE,SPIde,SPIED,SPIED,
2022-05-21 04:09:33,1541,LASSO,0,6,simple_random,HABIT,.A...,SACKS,sA..s,GAURS,.A..s,FANES,.A..s,YAPPS,.A..s,DADOS,.A.os,
2022-05-21 04:09:33,114,HYPER,1,5,simple_random,STONE,....e,BLECH,..e.h,KEHUA,.eh..,HIVER,H..ER,HYPER,HYPER,,,
2022-05-21 04:09:33,720,WINCH,1,5,simple_random,LAPIS,...i.,RIMER,.I...,DITCH,.I.CH,GINCH,.INCH,WINCH,WINCH,,,
2022-05-21 04:09:33,1768,MINIM,1,5,simple_random,WIMPS,.Im..,MIZZY,MI...,MIXEN,MI..n,MIRIN,MI.In,MINIM,MINIM,,,
2022-05-21 04:09:33,158,RETCH,0,6,simple_random,AGONY,.....,QUEME,..e.e,SETTS,.ETt.,FETED,.ETe.,PETIT,.ET.t,LETHE,.EThe,
2022-05-21 04:09:34,35,PAPER,0,6,simple_random,POSIT,P....,PULED,P..E.,PRYER,Pr.ER,PARER,PArER,PAGER,PA.ER,PAVER,PA.ER,
2022-05-21 04:09:34,1761,ENTRY,1,4,simple_random,CROWN,.r..n,PAREN,..ren,HENRY,.enRY,ENTRY,ENTRY,,,,,
2022-05-21 04:09:34,1859,TREND,1,4,simple_random,DEMUR,de..r,ENDER,ender,RONDE,r.nde,TREND,TREND,,,,,
2022-05-21 04:09:34,1697,ABBOT,1,5,simple_random,SKYTE,...t.,PIPIT,....T,CHAFT,..a.T,LARNT,.a..T,ABBOT,ABBOT,,,
2022-05-21 04:09:34,185,PLUCK,1,4,simple_random,GROVE,.....,SUMPS,.u.p.,INPUT,..pu.,PLUCK,PLUCK,,,,,
2022-05-21 04:09:34,737,EATER,0,6,simple_random,AVENS,a.e..,PATTE,.ATte,RATED,rATE.,GATER,.ATER,WATER,.ATER,TATER,tATER,
2022-05-21 04:09:34,853,SHOOK,1,6,simple_random,KRAIS,k...s,PUNKS,...ks,SEKTS,S.k.s,SKOFF,SkO..,SHOCK,SHO.K,SHOOK,SHOOK,
2022-05-21 04:09:35,2082,PECAN,1,4,simple_random,CIDER,c..e.,SCENE,.cene,NANCE,nance,PECAN,PECAN,,,,,
2022-05-21 04:09:35,2172,SOAPY,1,4,simple_random,RIFLE,.....,KANDY,.a..Y,ACCOY,a..oY,SOAPY,SOAPY,,,,,
2022-05-21 04:09:35,1906,VAGUE,1,4,simple_random,FRONT,.....,BUAZE,.ua.E,SAUCE,.Au.E,VAGUE,VAGUE,,,,,
2022-05-21 04:09:35,285,FOUND,1,4,simple_random,HAJIS,.....,RENTE,..n..,LOWND,.O.ND,FOUND,FOUND,,,,,
2022-05-21 04:09:35,1548,SCENT,1,4,simple_random,TROMP,t....,FILTH,...t.,BETAS,.et.s,SCENT,SCENT,,,,,
2022-05-21 04:09:35,132,WORLD,1,4,simple_random,BALTI,..l..,FLUED,.l..D,GOOLD,.OoLD,WORLD,WORLD,,,,,
2022-05-21 04:09:35,1856,SATYR,1,4,simple_random,MIZEN,.....,GASSY,.Assy,SATAY,SATay,SATYR,SATYR,,,,,
2022-05-21 04:09:35,1748,PRUNE,1,4,simple_random,SHELF,..e..,BEGAR,.e..r,PRONE,PR.NE,PRUNE,PRUNE,,,,,
2022-05-21 04:09:35,1091,LURID,1,5,simple_random,NARKS,..R..,FERMI,..R.i,ZORIL,..RIl,LYRIC,L.RI.,LURID,LURID,,,
2022-05-21 04:09:36,2075,MISER,1,5,simple_random,MAKES,M..Es,MZEES,M.eEs,MEVES,Me.Es,MOBES,M..Es,MISER,MISER,,,
2022-05-21 04:09:36,102,AGATE,0,6,simple_random,POLES,...e.,CRAZE,..A.E,ENATE,e.ATE,QUATE,..ATE,AMATE,A.ATE,ABATE,A.ATE,
2022-05-21 04:09:36,124,ENEMA,1,4,simple_random,CRUEL,...e.,DEMPT,.em..,AMOVE,am..e,ENEMA,ENEMA,,,,,
2022-05-21 04:09:36,1710,AXIOM,1,5,simple_random,TURKS,.....,DOLCI,.o..i,GIPPO,.i..o,ANION,A.IO.,AXIOM,AXIOM,,,
2022-05-21 04:09:36,1211,JOIST,0,6,simple_random,EXAMS,....s,ZORIS,.O.is,SOILS,sOI.s,COINS,.OI.s,DOITS,.OIts,HOIST,.OIST,
2022-05-21 04:09:36,1465,PEDAL,1,4,simple_random,OGRES,...e.,PETTY,PE...,PEACE,PEa.e,PEDAL,PEDAL,,,,,
2022-05-21 04:09:36,1653,ADMIN,1,4,simple_random,RINKS,.in..,DYING,d.in.,UNBID,.n.Id,ADMIN,ADMIN,,,,,
2022-05-21 04:09:36,1593,NAVEL,1,4,simple_random,MAKES,.A.E.,GAYER,.A.E.,LACED,lA.E.,NAVEL,NAVEL,,,,,
2022-05-21 04:09:36,90,ROUND,1,5,simple_random,INTEL,.n...,NAFFS,n....,UPRUN,u.run,BRUNG,.rUN.,ROUND,ROUND,,,
2022-05-21 04:09:36,1089,DRUNK,1,5,simple_random,SPICE,.....,BOOKY,...k.,KULAK,ku..K,TRUNK,.RUNK,DRUNK,DRUNK,,,
2022-05-21 04:09:37,63,DRAIN,1,4,simple_random,ENVOY,.n...,FUNKS,..n..,BAIRN,.airN,DRAIN,DRAIN,,,,,
2022-05-21 04:09:37,2195,STUFF,1,5,simple_random,NICHT,....t,TEMPT,t...t,BAWTY,...t.,FLOUT,f..ut,STUFF,STUFF,,,
2022-05-21 04:09:37,195,UNIFY,1,4,simple_random,USING,U.In.,UNION,UNI.n,UNICA,UNI..,UNIFY,UNIFY,,,,,
2022-05-21 04:09:37,219,KNOLL,1,4,simple_random,GAMUT,.....,PRIDE,.....,NOOKS,noOk.,KNOLL,KNOLL,,,,,
2022-05-21 04:09:37,1988,BERET,1,5,simple_random,LIKES,...E.,CODEX,...E.,FREET,.reET,EGRET,e.RET,BERET,BERET,,,
2022-05-21 04:09:37,1051,AMUSE,1,5,simple_random,CHIAO,...a.,SAULT,saU..,AGUES,A.Ues,ABUSE,A.USE,AMUSE,AMUSE,,,
2022-05-21 04:09:37,208,ABBEY,1,5,simple_random,TECHS,.e...,OFFER,...E.,BIKED,b..E.,MANEB,.a.Eb,ABBEY,ABBEY,,,
2022-05-21 04:09:37,1203,SERUM,1,6,simple_random,PUBIC,.u...,TOUTS,..u.s,UMMAS,umm.s,MENUS,mE.Us,SEDUM,SE.UM,SERUM,SERUM,
2022-05-21 04:09:37,1261,ALONG,1,4,simple_random,HAEMS,.a...,KULAN,..lan,LIANA,l.aNa,ALONG,ALONG,,,,,
2022-05-21 04:09:38,1516,BEAST,1,5,simple_random,CREDO,..e..,PEYSE,.E.Se,TENSE,tE.Se,HEIST,.E.ST,BEAST,BEAST,,,
2022-05-21 04:09:38,714,LUCKY,1,4,simple_random,DORIS,.....,GALAH,..l..,BLUEY,.lu.Y,LUCKY,LUCKY,,,,,
2022-05-21 04:09:38,453,RUDER,1,6,simple_random,MARES,..rE.,RIPER,R..ER,ROVER,R..ER,REFER,Re.ER,RULER,RU.ER,RUDER,RUDER,
2022-05-21 04:09:38,1607,SANER,0,6,simple_random,PLANS,..ans,SKEAN,S.ean,SENZA,SeN.a,SANES,SANEs,SANED,SANE.,SANES,SANEs,
2022-05-21 04:09:38,2034,LATHE,1,6,simple_random,RIVAL,...al,YAWLS,.A.l.,LACET,LA.et,LATKE,LAT.E,LATTE,LATtE,LATHE,LATHE,
2022-05-21 04:09:38,2001,ETUDE,1,5,simple_random,LIEFS,..e..,BOOED,...ed,HEDGE,.ed.E,TYNDE,t..DE,ETUDE,ETUDE,,,
2022-05-21 04:09:38,1628,INGOT,1,4,simple_random,DRACO,....o,SOKOL,.o.O.,GIGOT,giGOT,INGOT,INGOT,,,,,
2022-05-21 04:09:38,1207,SHIRK,0,6,simple_random,FIVES,.i..s,WADIS,...is,CUITS,..I.s,LOINS,..I.s,BRIMS,.rI.s,SKIRR,SkIRr,
2022-05-21 04:09:39,1591,FABLE,1,4,simple_random,FUROL,F...l,FLAMY,Fla..,FANAL,FA.al,FABLE,FABLE,,,,,
2022-05-21 04:09:39,619,SHEEN,1,5,simple_random,FORTH,....h,LANCH,..n.h,HYMEN,h..EN,WHEEN,.HEEN,SHEEN,SHEEN,,,
2022-05-21 04:09:39,1741,SENSE,1,5,simple_random,CAIRN,....n,NUDZH,n....,POONS,...ns,SENES,SENes,SENSE,SENSE,,,
2022-05-21 04:09:39,2232,SCREE,0,6,simple_random,OVENS,..e.s,PERPS,.eR.s,DARES,..REs,JURES,..REs,EYRES,e.REs,WIRES,..REs,
2022-05-21 04:09:39,2159,CRONY,1,6,simple_random,GREBO,.R..o,TROTH,.RO..,KROON,.ROon,PROIN,.RO.n,CRONS,CRON.,CRONY,CRONY,
2022-05-21 04:09:39,626,COACH,1,6,simple_random,NEIGH,....H,POUCH,.O.CH,KOTCH,.O.CH,ROACH,.OACH,LOACH,.OACH,COACH,COACH,
2022-05-21 04:09:39,994,BRAVE,0,6,simple_random,STEAL,..ea.,RENGA,re..a,FARER,.arer,WHARE,..ArE,CRAZE,.RA.E,DRAVE,.RAVE,
2022-05-21 04:09:39,1099,WORRY,1,5,simple_random,BREAK,.r...,ROILS,rO...,GOURD,.O.R.,MORRO,.ORRo,WORRY,WORRY,,,
2022-05-21 04:09:39,1789,UNCUT,1,5,simple_random,ROUEN,..u.n,NUNNY,nunn.,STAUN,.t.Un,INPUT,.N.UT,UNCUT,UNCUT,,,
2022-05-21 04:09:40,1917,APNEA,0,6,simple_random,BELCH,.e...,EANED,eaNE.,AINEE,A.NEe,AWNER,A.NE.,ANNEX,AnNE.,AUNES,A.NE.,
2022-05-21 04:09:40,1917,APNEA,0,6,simple_random,FLASH,..a..,GAUJE,.a..e,AXITE,A...e,AMOVE,A...e,ACERB,A.e..,ADDED,A..E.,
2022-05-21 04:09:40,805,EDICT,1,4,simple_random,USING,..I..,WHIRR,..I..,YOICK,..IC.,EDICT,EDICT,,,,,
2022-05-21 04:09:40,241,AGORA,1,5,simple_random,MUCKS,.....,ARVAL,Ar.a.,AGRIN,AGr..,AGGER,AGg.r,AGORA,AGORA,,,
2022-05-21 04:09:40,87,GOLEM,1,5,simple_random,NAMED,..mE.,MITER,m..E.,SMEES,.meE.,BEGEM,.egEM,GOLEM,GOLEM,,,
2022-05-21 04:09:40,1915,BOOTY,1,5,simple_random,TALES,t....,OUGHT,o...t,FRONT,..O.t,WOOTZ,.OOT.,BOOTY,BOOTY,,,
2022-05-21 04:09:40,2267,UNDID,1,2,simple_random,TYPIC,...I.,UNDID,UNDID,,,,,,,,,
2022-05-21 04:09:40,1736,DIZZY,1,4,simple_random,MAPLE,.....,GOTCH,.....,DUDDY,D.ddY,DIZZY,DIZZY,,,,,
2022-05-21 04:09:40,1599,EARLY,1,4,simple_random,ROILS,r..L.,TRULY,.r.LY,PARLY,.ARLY,EARLY,EARLY,,,,,
2022-05-21 04:09:40,1751,SCOFF,0,6,simple_random,INPUT,.....,EASED,..s..,SMORG,S.O..,SKOOL,S.Oo.,SWOBS,S.O.s,SHOJO,S.O.o,
2022-05-21 04:09:41,102,AGATE,1,6,simple_random,BUNDY,.....,SOOLE,....E,MEZZE,.e..E,TAWIE,ta..E,FRATE,..ATE,AGATE,AGATE,
2022-05-21 04:09:41,181,PEACH,1,5,simple_random,MICRA,..c.a,CAUSE,ca..e,GLACE,..ACe,TEACH,.EACH,PEACH,PEACH,,,
2022-05-21 04:09:41,1858,BINGE,1,6,simple_random,DIANE,.I.nE,WINCE,.IN.E,GINGE,gINGE,MINGE,.INGE,TINGE,.INGE,BINGE,BINGE,
2022-05-21 04:09:41,669,LANCE,1,5,simple_random,DEWAR,.e.a.,FAMES,.A.e.,TAUBE,.A..E,CALVE,cAl.E,LANCE,LANCE,,,
2022-05-21 04:09:41,2298,TWIXT,1,5,simple_random,PETAR,..t..,STUDY,.t...,FLITT,..ItT,OBIIT,..IiT,TWIXT,TWIXT,,,
2022-05-21 04:09:41,2154,TRUTH,1,5,simple_random,STYLE,.t...,POTTO,..tT.,NGATI,...T.,CRWTH,.R.TH,TRUTH,TRUTH,,,
2022-05-21 04:09:41,238,ULTRA,1,5,simple_random,HEFTS,...t.,TAIGA,ta..A,MOTZA,..T.A,ANTRA,a.TRA,ULTRA,ULTRA,,,
2022-05-21 04:09:41,1938,TRUER,1,5,simple_random,CHASE,....e,POKED,...E.,QUEEN,.ueE.,URBEX,uR.E.,TRUER,TRUER,,,
2022-05-21 04:09:41,1016,SHEET,1,4,simple_random,PALKI,.....,TOTTY,t.tt.,STUMS,St..s,SHEET,SHEET,,,,,
2022-05-21 04:09:41,282,DEPOT,1,4,simple_random,PINKY,p....,VAPOR,..PO.,EXPOS,e.PO.,DEPOT,DEPOT,,,,,
2022-05-21 04:09:42,1748,PRUNE,1,3,simple_random,GRUNT,.RUN.,DRUNK,.RUN.,PRUNE,PRUNE,,,,,,,
2022-05-21 04:09:42,1922,BOARD,1,5,simple_random,NASTY,.a...,MOMMA,.O..a,CORAL,.Ora.,DOBRA,dObRa,BOARD,BOARD,,,
2022-05-21 04:09:42,1407,JERKY,1,6,simple_random,FAWNY,....Y,BUSKY,...KY,TICKY,...KY,LOOKY,...KY,GEEKY,.EeKY,JERKY,JERKY,
2022-05-21 04:09:42,1849,FETAL,1,5,simple_random,UNWED,...e.,SEMIS,.E...,PEART,.Ea.t,FETTA,FETta,FETAL,FETAL,,,
2022-05-21 04:09:42,2313,RURAL,1,6,simple_random,ARETS,ar...,GAZAR,.a.Ar,LOBAR,l..Ar,RIVAL,R..AL,RUMAL,RU.AL,RURAL,RURAL,
2022-05-21 04:09:42,593,CHAOS,1,4,simple_random,OUNCE,o..c.,POCKS,.oc.S,SCOTS,sco.S,CHAOS,CHAOS,,,,,
2022-05-21 04:13:07,1048,LARGE,1,6,simple_random,TINAS,...a.,QUAKE,..a.E,FARCE,.AR.E,DARRE,.ARrE,MARLE,.ARlE,LARGE,LARGE,
2022-05-21 04:13:07,1146,SWARM,1,4,simple_random,THAWY,..Aw.,DWARF,.WAR.,AWARN,aWAR.,SWARM,SWARM,,,,,
2022-05-21 04:13:07,1204,THREE,1,5,simple_random,DELOS,.e...,GARRE,..RrE,EYRIE,e.R.E,BURKE,..R.E,THREE,THREE,,,
2022-05-21 04:13:07,954,PRIME,1,6,simple_random,SYNTH,.....,PEECE,Pee.E,PUDGE,P...E,POOVE,P...E,PARAE,P.r.E,PRIME,PRIME,
2022-05-21 04:13:07,1115,SNOOP,1,5,simple_random,CLAYS,....s,SPRUE,Sp...,SOWPS,So.ps,STOOP,S.OOP,SNOOP,SNOOP,,,
2022-05-21 04:13:07,132,WORLD,1,5,simple_random,SIZEL,....l,GULAG,..l..,CLOMP,.lo..,LORRY,lORr.,WORLD,WORLD,,,
2022-05-21 04:13:07,607,RISEN,1,3,simple_random,RANGE,R.n.e,ROYNE,R..ne,RISEN,RISEN,,,,,,,
2022-05-21 04:13:07,35,PAPER,0,6,simple_random,VIRUS,..r..,ABLER,a..ER,HAZER,.A.ER,CAPER,.APER,GAPER,.APER,RAPER,rAPER,
2022-05-21 04:13:07,1681,OLDEN,1,3,simple_random,TAXOR,...o.,GLOBI,.Lo..,OLDEN,OLDEN,,,,,,,
2022-05-21 04:13:07,1182,CHUCK,1,6,simple_random,STORE,.....,LAYIN,.....,BUCHU,.uchu,CHUFF,CHU..,CHUMP,CHU..,CHUCK,CHUCK,
2022-05-21 04:13:08,131,ERODE,1,5,simple_random,ACERB,..er.,POWER,.o.er,ERROR,ERror,ERUGO,ER..o,ERODE,ERODE,,,
2022-05-21 04:13:08,97,FORGE,1,6,simple_random,FLEAS,F.e..,FICHE,F...E,FORTE,FOR.E,FORZE,FOR.E,FORME,FOR.E,FORGE,FORGE,
2022-05-21 04:13:08,1477,JEWEL,1,3,simple_random,LAWNS,l.W..,ROWEL,..WEL,JEWEL,JEWEL,,,,,,,
2022-05-21 04:13:08,509,EXIST,1,4,simple_random,PLOTS,...ts,TAMES,t..es,STEYS,ste.s,EXIST,EXIST,,,,,
2022-05-21 04:13:08,48,MIMIC,1,4,simple_random,SMILE,.mi..,MANIA,M..I.,MUCID,M.cI.,MIMIC,MIMIC,,,,,
2022-05-21 19:08:21,537,POOCH,1,5,simple_random,AWOKE,..O..,GLOOM,..Oo.,BOOFY,.OO..,POODS,POO..,POOCH,POOCH,,,
2022-05-21 19:08:26,129,DOZEN,1,3,simple_random,ENVOY,en.o.,NOTED,nO.Ed,DOZEN,DOZEN,,,,,,,
2022-05-21 19:08:29,2043,KINKY,1,4,simple_random,FATSO,.....,INKLE,ink..,DRINK,..ink,KINKY,KINKY,,,,,
2022-05-21 19:08:39,2,SISSY,1,6,simple_random,AMINO,..i..,JILTS,.I..s,YIRRS,yI..s,KISSY,.ISSY,PISSY,.ISSY,SISSY,SISSY,
2022-05-21 19:08:42,1427,BAWDY,1,6,simple_random,WAIFS,wA...,JAWAN,.AWa.,TAWER,.AW..,PAWKY,.AW.Y,GAWCY,.AW.Y,BAWDY,BAWDY,
2022-05-21 19:08:52,1310,SWISH,1,5,simple_random,PLOTS,....s,KURIS,...is,DIEBS,.i..s,CHINS,.hI.s,SWISH,SWISH,,,
2022-05-21 19:08:55,460,GULLY,1,4,simple_random,PREIF,.....,TOCKS,.....,GUNGY,GU.gY,GULLY,GULLY,,,,,
2022-05-21 19:08:57,1905,STAVE,1,6,simple_random,ABIDE,a...E,PARSE,.a.sE,STOAE,ST.aE,STAKE,STA.E,STALE,STA.E,STAVE,STAVE,
2022-05-21 19:08:58,204,GORGE,0,6,simple_random,MALIK,.....,BUFFE,....E,POYSE,.O..E,TONNE,.O..E,ZOWEE,.O.eE,HOOVE,.Oo.E,
2022-05-21 19:09:03,1885,FRAIL,1,6,simple_random,THILK,..il.,LIMBY,li...,VALIS,.alI.,DRAIL,.RAIL,GRAIL,.RAIL,FRAIL,FRAIL,
2022-05-21 19:09:05,456,ONSET,1,4,simple_random,TEAMS,te..s,ISLET,.s.ET,COSET,.oSET,ONSET,ONSET,,,,,
2022-05-21 19:09:06,921,OUTGO,1,5,simple_random,PILAR,.....,DEEVS,.....,GYNNY,g....,BOUGH,.ouG.,OUTGO,OUTGO,,,
2022-05-21 19:09:07,624,WHARF,1,6,simple_random,KRAUT,.rA..,HAARS,haAR.,CHARR,.HARr,PHARM,.HAR.,WHARE,WHAR.,WHARF,WHARF,
2022-05-21 19:09:09,1378,NOBLY,1,6,simple_random,DOLCE,.Ol..,LOGIA,lO...,HOTLY,.O.LY,WOOLY,.OoLY,SONLY,.OnLY,NOBLY,NOBLY,
2022-05-21 19:09:10,563,OPIUM,1,3,simple_random,PLACK,p....,SPEUG,.P.U.,OPIUM,OPIUM,,,,,,,
2022-05-21 19:10:27,1573,CLEAT,1,6,simple_random,TONGA,t...a,MASTY,.a.t.,RETIA,.et.a,ALEFT,aLE.T,PLEAT,.LEAT,CLEAT,CLEAT,
2022-05-21 19:10:29,231,ALOFT,1,6,simple_random,POWER,.o...,BASSO,.a..o,QUOTA,..Ota,ATOMY,AtO..,AFOOT,AfOoT,ALOFT,ALOFT,
2022-05-21 19:10:30,1057,ASCOT,1,4,simple_random,TABOR,ta.O.,ALTOS,A.tOs,ASSOT,ASsOT,ASCOT,ASCOT,,,,,
2022-05-21 19:10:33,1710,AXIOM,1,5,simple_random,FLOAT,..oa.,BAYOU,.a.O.,AVION,A.IO.,ADIOS,A.IO.,AXIOM,AXIOM,,,
2022-05-21 19:10:35,237,ULCER,1,5,simple_random,CAMEO,c..E.,DICED,..CE.,EXCEL,e.CEl,LYCEE,l.CEe,ULCER,ULCER,,,
2022-05-21 19:10:36,1049,RABBI,1,4,simple_random,SCORN,...r.,MARID,.Ari.,RAHUI,RA..I,RABBI,RABBI,,,,,
2022-05-21 19:10:41,1353,BRIEF,0,6,simple_random,TRUMP,.R...,BREIS,BRei.,BRIBE,BRIbe,BRIZE,BRI.e,BRINE,BRI.e,BRIER,BRIEr,
2022-05-21 19:10:43,1801,PASTA,1,5,simple_random,MALES,.A..s,BASIS,.AS.s,GASTS,.ASTs,FASTS,.ASTs,PASTA,PASTA,,,
2022-05-21 19:10:44,1439,LATCH,0,6,simple_random,MATEY,.AT..,ZATIS,.AT..,BATTA,.ATta,RATHA,.ATha,CATCH,cATCH,HATCH,hATCH,
2022-05-21 19:10:45,655,SPOIL,1,4,simple_random,CHILE,..il.,LAMIA,l..I.,SLUIT,Sl.I.,SPOIL,SPOIL,,,,,
2022-05-21 19:11:43,1285,LEAST,1,5,simple_random,BUNIA,....a,SADDO,sa...,WRAPS,..A.s,MEALS,.EAls,LEAST,LEAST,,,
2022-05-21 19:11:45,1422,VALUE,0,6,simple_random,HORAS,...a.,MEDIA,.e..a,JAKEY,.A.e.,FABLE,.A.lE,LATTE,lA..E,CALVE,.ALvE,
